order_id,order_date,region,amount,channel,note
000001,2025-01-01,,37.81,Online,Standard
000002,2025-01-02,North,unknown,Online,Gift
000003,2025-01-03,West,9999.00,Online,Gift
000004,2025-01-04, north ,87.51,Online,Gift
000005,2025-01-05,NORTH,54.98,Online,Gift
000006,2025-01-06,West,51.81,Online,Standard
000007,2025-01-07,North,91.87,Online,Standard
000008,2025-01-08,North,141.41,Online,Gift
000009,2025-01-09,West,87.62,Online,Standard
000010,2025-01-10,North,54.45,Online,Standard
000011,2025-01-11,,34.84,Online,Gift
000012,2025-01-12,South,155.60,Online,Standard
000013,2025-01-13,North,136.76,Online,Gift
000014,2025-01-14,South,32.61,Online,Standard
000015,2025-01-15,West,118.96,Online,Standard
000016,2025-01-16,West,50.77,Online,Gift
000017,2025-01-17,North,125.80,Online,Standard
000018,2025-01-18,North,156.85,Online,Gift
000019,2025-01-19,South,64.48,Online,Standard
000020,2025-01-20,North,79.23,Online,Gift
000021,2025-01-21,,62.72,Online,Gift
000022,2025-01-22,West,121.60,Online,Gift
000023,2025-01-23,North,93.96,Online,Standard
000024,2025-01-24,West,130.11,Online,Gift
000025,2025-01-25,West,71.89,Online,Gift
000026,2025-01-26,North,151.49,Online,Standard
000027,2025-01-27,South,62.84,Online,Gift
000028,2025-01-28,West,160.22,Online,Standard
000029,2025-01-29,North,124.87,Online,Standard
000030,2025-01-30,West,93.42,Online,Standard
000031,2025-01-31,,59.46,Online,Standard
000032,2025-02-01,West,113.53,Online,Standard
000033,2025-02-02,South,55.09,Online,Gift
000034,2025-02-03,West,98.96,Online,Gift
000035,2025-02-04,North,44.45,Online,Gift
000036,2025-02-05,West,87.55,Online,Gift
000037,2025-02-06,South,81.06,Online,Standard
000038,2025-02-07,West,60.23,Online,Gift
000039,2025-02-08,West,135.32,Online,Standard
000040,2025-02-09,West,74.43,Online,Standard
000041,2025-02-10,,45.31,Online,Gift
000042,2025-02-11,West,160.14,Online,Standard
000043,2025-02-12,West,141.91,Online,Gift
000044,2025-02-13,West,67.75,Online,Gift
000045,2025-02-14,North,79.83,Online,Gift
000046,2025-02-15,West,172.56,Online,Gift
000047,2025-02-16,West,71.86,Online,Gift
000048,2025-02-17,North,168.66,Online,Standard
000049,2025-02-18,North,29.27,Online,Gift
000050,2025-02-19,North,137.11,Online,Gift
000051,2025-02-20,,142.53,Online,Gift
000052,2025-02-21,West,96.05,Online,Gift
000053,2025-02-22,South,104.43,Online,Standard
000054,2025-02-23,North,168.63,Online,Gift
000055,2025-02-24,West,69.87,Online,Standard
000056,2025-02-25,South,163.94,Online,Standard
000057,2025-02-26,North,59.66,Online,Gift
000058,2025-02-27,South,23.37,Online,Gift
000059,2025-02-28,West,55.23,Online,Gift
000060,2025-03-01,West,120.98,Online,Gift
000061,2025-01-01,,164.87,Online,Standard
000062,2025-01-02,North,102.26,Online,Standard
000063,2025-01-03,West,97.67,Online,Gift
000064,2025-01-04,West,169.68,Online,Standard
000065,2025-01-05,North,145.54,Online,Standard
000066,2025-01-06,North,35.09,Online,Standard
000067,2025-01-07,South,87.77,Online,Standard
000068,2025-01-08,West,28.67,Online,Gift
000069,2025-01-09,North,84.42,Online,Standard
000070,2025-01-10,North,59.79,Online,Gift
000071,2025-01-11,,91.78,Online,Standard
000072,2025-01-12,North,64.57,Online,Gift
000073,2025-01-13,North,90.90,Online,Gift
000074,2025-01-14,North,124.34,Online,Gift
000075,2025-01-15,North,168.22,Online,Gift
000076,2025-01-16,North,85.03,Online,Standard
000077,2025-01-17,North,158.34,Online,Gift
000078,2025-01-18,North,80.64,Online,Standard
000079,2025-01-19,South,168.24,Online,Standard
000080,2025-01-20,South,87.68,Online,Standard
000081,2025-01-21,,50.38,Online,Gift
000082,2025-01-22,North,112.67,Online,Gift
000083,2025-01-23,West,70.18,Online,Gift
000084,2025-01-24,West,96.29,Online,Gift
000085,2025-01-25,North,173.72,Online,Gift
000086,2025-01-26,North,30.96,Online,Gift
000087,2025-01-27,West,157.89,Online,Standard
000088,2025-01-28,North,170.66,Online,Gift
000089,2025-01-29,West,115.12,Online,Gift
000090,2025-01-30,South,125.18,Online,Standard
000091,2025-01-31,,52.68,Online,Standard
000092,2025-02-01,North,62.50,Online,Gift
000093,2025-02-02,West,123.28,Online,Standard
000094,2025-02-03,South,168.64,Online,Gift
000095,2025-02-04,North,93.33,Online,Gift
000096,2025-02-05,North,106.02,Online,Standard
000097,2025-02-06,North,169.32,Online,Gift
000098,2025-02-07,North,79.12,Online,Gift
000099,2025-02-08,South,153.40,Online,Standard
000100,2025-02-09,West,177.42,Online,Gift
000101,2025-02-10,,150.74,Online,Standard
000102,2025-02-11,West,36.57,Online,Gift
000103,2025-02-12,South,38.47,Online,Gift
000104,2025-02-13,West,108.52,Online,Standard
000105,2025-02-14,South,116.77,Online,Standard
000106,2025-02-15,North,130.00,Online,Standard
000107,2025-02-16,West,98.17,Online,Gift
000108,2025-02-17,North,121.49,Online,Standard
000109,2025-02-18,North,20.57,Online,Gift
000110,2025-02-19,West,176.77,Online,Gift
000111,2025-02-20,,90.69,Online,Standard
000112,2025-02-21,West,21.55,Online,Gift
000113,2025-02-22,West,164.63,Online,Gift
000114,2025-02-23,South,113.20,Online,Gift
000115,2025-02-24,South,40.39,Online,Standard
000116,2025-02-25,South,163.84,Online,Gift
000117,2025-02-26,South,53.61,Online,Gift
000118,2025-02-27,West,36.45,Online,Standard
000119,2025-02-28,West,139.92,Online,Gift
000120,2025-03-01,North,176.19,Online,Gift
000121,2025-01-01,,23.97,Online,Standard
000122,2025-01-02,South,148.36,Online,Gift
000123,2025-01-03,South,45.47,Online,Gift
000124,2025-01-04,South,159.55,Online,Standard
000125,2025-01-05,North,51.93,Online,Standard
000126,2025-01-06,South,68.83,Online,Gift
000127,2025-01-07,North,23.79,Online,Gift
000128,2025-01-08,South,72.52,Online,Gift
000129,2025-01-09,South,76.18,Online,Standard
000130,2025-01-10,West,176.98,Online,Standard
000131,2025-01-11,,38.45,Online,Standard
000132,2025-01-12,North,112.89,Online,Standard
000133,2025-01-13,North,37.34,Online,Standard
000134,2025-01-14,South,136.57,Online,Standard
000135,2025-01-15,South,116.99,Online,Gift
000136,2025-01-16,South,163.92,Online,Gift
000137,2025-01-17,South,27.10,Online,Standard
000138,2025-01-18,North,103.19,Online,Gift
000139,2025-01-19,South,89.01,Online,Standard
000140,2025-01-20,West,70.23,Online,Gift
000141,2025-01-21,,164.01,Online,Standard
000142,2025-01-22,West,85.34,Online,Standard
000143,2025-01-23,West,67.30,Online,Gift
000144,2025-01-24,North,87.27,Online,Standard
000145,2025-01-25,West,139.70,Online,Gift
000146,2025-01-26,West,111.06,Online,Standard
000147,2025-01-27,West,153.40,Online,Standard
000148,2025-01-28,South,53.63,Online,Standard
000149,2025-01-29,South,90.69,Online,Gift
000150,2025-01-30,West,95.71,Online,Gift
000151,2025-01-31,,33.57,Online,Standard
000152,2025-02-01,North,150.95,Online,Gift
000153,2025-02-02,West,69.67,Online,Gift
000154,2025-02-03,North,23.91,Online,Gift
000155,2025-02-04,South,117.80,Online,Gift
000156,2025-02-05,South,86.31,Online,Gift
000157,2025-02-06,West,131.42,Online,Standard
000158,2025-02-07,South,59.04,Online,Gift
000159,2025-02-08,North,144.55,Online,Gift
000160,2025-02-09,North,148.66,Online,Standard
000161,2025-02-10,,109.18,Online,Gift
000162,2025-02-11,South,41.33,Online,Standard
000163,2025-02-12,West,104.98,Online,Standard
000164,2025-02-13,South,118.02,Online,Standard
000165,2025-02-14,West,91.35,Online,Gift
000166,2025-02-15,West,157.84,Online,Standard
000167,2025-02-16,South,140.28,Online,Standard
000168,2025-02-17,West,97.54,Online,Gift
000169,2025-02-18,South,90.38,Online,Standard
000170,2025-02-19,North,63.47,Online,Standard
000171,2025-02-20,,32.89,Online,Gift
000172,2025-02-21,North,81.29,Online,Gift
000173,2025-02-22,West,54.23,Online,Standard
000174,2025-02-23,South,72.94,Online,Standard
000175,2025-02-24,South,29.96,Online,Standard
000176,2025-02-25,South,164.77,Online,Gift
000177,2025-02-26,West,80.86,Online,Gift
000178,2025-02-27,South,67.78,Online,Standard
000179,2025-02-28,South,106.12,Online,Gift
000180,2025-03-01,South,55.11,Online,Standard
000181,2025-01-01,,24.64,Online,Standard
000182,2025-01-02,West,128.66,Online,Standard
000183,2025-01-03,West,46.41,Online,Standard
000184,2025-01-04,North,176.92,Online,Gift
000185,2025-01-05,South,114.70,Online,Gift
000186,2025-01-06,North,122.84,Online,Gift
000187,2025-01-07,South,49.08,Online,Standard
000188,2025-01-08,South,72.38,Online,Standard
000189,2025-01-09,South,74.00,Online,Standard
000190,2025-01-10,South,140.32,Online,Standard
000191,2025-01-11,,153.59,Online,Standard
000192,2025-01-12,North,139.84,Online,Gift
000193,2025-01-13,South,55.88,Online,Gift
000194,2025-01-14,West,26.44,Online,Gift
000195,2025-01-15,North,51.90,Online,Gift
000196,2025-01-16,West,44.38,Online,Gift
000197,2025-01-17,South,127.11,Online,Gift
000198,2025-01-18,South,131.91,Online,Standard
000199,2025-01-19,North,116.94,Online,Gift
000200,2025-01-20,North,174.36,Online,Gift
000006,2025-01-06,West,51.81,Online,Standard
000006,2025-01-06,West,51.81,Online,Standard
000007,2025-01-07,North,91.87,Online,Standard
