order_id,order_date,region,amount,channel,customer_segment
000001,2025-01-01,,68.06,Online,new
000002,2025-01-02,North,100.28,Online,repeat
000003,2025-01-03,West,249.32,Online,repeat
000004,2025-01-04,West,157.52,Online,new
000005,2025-01-05,,98.96,Online,repeat
000006,2025-01-06,West,93.26,Online,repeat
000007,2025-01-07,North,165.37,Online,new
000008,2025-01-08,North,254.54,Online,repeat
000009,2025-01-09,,157.72,Online,repeat
000010,2025-01-10,North,98.01,Online,new
000011,2025-01-11,North,62.71,Online,repeat
000012,2025-01-12,South,280.08,Online,repeat
000013,2025-01-13,,246.17,Online,new
000014,2025-01-14,South,58.70,Online,repeat
000015,2025-01-15,West,214.13,Online,repeat
000016,2025-01-16,West,91.39,Online,new
000017,2025-01-17,,226.44,Online,repeat
000018,2025-01-18,North,282.33,Online,repeat
000019,2025-01-19,South,116.06,Online,new
000020,2025-01-20,North,142.61,Online,repeat
000021,2025-01-21,,112.90,Online,repeat
000022,2025-01-22,West,218.88,Online,new
000023,2025-01-23,North,169.13,Online,repeat
000024,2025-01-24,West,234.20,Online,repeat
000025,2025-01-25,,129.40,Online,new
000026,2025-01-26,North,272.68,Online,repeat
000027,2025-01-27,South,113.11,Online,repeat
000028,2025-01-28,West,288.40,Online,new
000029,2025-01-29,,224.77,Online,repeat
000030,2025-01-30,West,168.16,Online,repeat
000031,2025-01-31,North,107.03,Online,new
000032,2025-02-01,West,204.35,Online,repeat
000033,2025-02-02,,99.16,Online,repeat
000034,2025-02-03,West,178.13,Online,new
000035,2025-02-04,North,80.01,Online,repeat
000036,2025-02-05,West,157.59,Online,repeat
000037,2025-02-06,,145.91,Online,new
000038,2025-02-07,West,108.41,Online,repeat
000039,2025-02-08,West,243.58,Online,repeat
000040,2025-02-09,West,133.97,Online,new
000041,2025-02-10,,81.56,Online,repeat
000042,2025-02-11,West,288.25,Online,repeat
000043,2025-02-12,West,255.44,Online,new
000044,2025-02-13,West,121.95,Online,repeat
000045,2025-02-14,,143.69,Online,repeat
000046,2025-02-15,West,310.61,Online,new
000047,2025-02-16,West,129.35,Online,repeat
000048,2025-02-17,North,303.59,Online,repeat
000049,2025-02-18,,52.69,Online,new
000050,2025-02-19,North,246.80,Online,repeat
000051,2025-02-20,West,256.55,Online,repeat
000052,2025-02-21,West,172.89,Online,new
000053,2025-02-22,,187.97,Online,repeat
000054,2025-02-23,North,303.53,Online,repeat
000055,2025-02-24,West,125.77,Online,new
000056,2025-02-25,South,295.09,Online,repeat
000057,2025-02-26,,107.39,Online,repeat
000058,2025-02-27,South,42.07,Online,new
000059,2025-02-28,West,99.41,Online,repeat
000060,2025-03-01,West,217.76,Online,repeat
000061,2025-01-01,,296.77,Online,new
000062,2025-01-02,North,184.07,Online,repeat
000063,2025-01-03,West,175.81,Online,repeat
000064,2025-01-04,West,305.42,Online,new
000065,2025-01-05,,261.97,Online,repeat
000066,2025-01-06,North,63.16,Online,repeat
000067,2025-01-07,South,157.99,Online,new
000068,2025-01-08,West,51.61,Online,repeat
000069,2025-01-09,,151.96,Online,repeat
000070,2025-01-10,North,107.62,Online,new
000071,2025-01-11,West,165.20,Online,repeat
000072,2025-01-12,North,116.23,Online,repeat
000073,2025-01-13,,163.62,Online,new
000074,2025-01-14,North,223.81,Online,repeat
000075,2025-01-15,North,302.80,Online,repeat
000076,2025-01-16,North,153.05,Online,new
000077,2025-01-17,,285.01,Online,repeat
000078,2025-01-18,North,145.15,Online,repeat
000079,2025-01-19,South,302.83,Online,new
000080,2025-01-20,South,157.82,Online,repeat
000081,2025-01-21,,90.68,Online,repeat
000082,2025-01-22,North,202.81,Online,new
000083,2025-01-23,West,126.32,Online,repeat
000084,2025-01-24,West,173.32,Online,repeat
000085,2025-01-25,,312.70,Online,new
000086,2025-01-26,North,55.73,Online,repeat
000087,2025-01-27,West,284.20,Online,repeat
000088,2025-01-28,North,307.19,Online,new
000089,2025-01-29,,207.22,Online,repeat
000090,2025-01-30,South,225.32,Online,repeat
000091,2025-01-31,South,94.82,Online,new
000092,2025-02-01,North,112.50,Online,repeat
000093,2025-02-02,,221.90,Online,repeat
000094,2025-02-03,South,303.55,Online,new
000095,2025-02-04,North,167.99,Online,repeat
000096,2025-02-05,North,190.84,Online,repeat
000097,2025-02-06,,304.78,Online,new
000098,2025-02-07,North,142.42,Online,repeat
000099,2025-02-08,South,276.12,Online,repeat
000100,2025-02-09,West,319.36,Online,new
000101,2025-02-10,,271.33,Online,repeat
000102,2025-02-11,West,65.83,Online,repeat
000103,2025-02-12,South,69.25,Online,new
000104,2025-02-13,West,195.34,Online,repeat
000105,2025-02-14,,210.19,Online,repeat
000106,2025-02-15,North,234.00,Online,new
000107,2025-02-16,West,176.71,Online,repeat
000108,2025-02-17,North,218.68,Online,repeat
000109,2025-02-18,,37.03,Online,new
000110,2025-02-19,West,318.19,Online,repeat
000111,2025-02-20,West,163.24,Online,repeat
000112,2025-02-21,West,38.79,Online,new
000113,2025-02-22,,296.33,Online,repeat
000114,2025-02-23,South,203.76,Online,repeat
000115,2025-02-24,South,72.70,Online,new
000116,2025-02-25,South,294.91,Online,repeat
000117,2025-02-26,,96.50,Online,repeat
000118,2025-02-27,West,65.61,Online,new
000119,2025-02-28,West,251.86,Online,repeat
000120,2025-03-01,North,317.14,Online,repeat
000121,2025-01-01,,43.15,Online,new
000122,2025-01-02,South,267.05,Online,repeat
000123,2025-01-03,South,81.85,Online,repeat
000124,2025-01-04,South,287.19,Online,new
000125,2025-01-05,,93.47,Online,repeat
000126,2025-01-06,South,123.89,Online,repeat
000127,2025-01-07,North,42.82,Online,new
000128,2025-01-08,South,130.54,Online,repeat
000129,2025-01-09,,137.12,Online,repeat
000130,2025-01-10,West,318.56,Online,new
000131,2025-01-11,North,69.21,Online,repeat
000132,2025-01-12,North,203.20,Online,repeat
000133,2025-01-13,,67.21,Online,new
000134,2025-01-14,South,245.83,Online,repeat
000135,2025-01-15,South,210.58,Online,repeat
000136,2025-01-16,South,295.06,Online,new
000137,2025-01-17,,48.78,Online,repeat
000138,2025-01-18,North,185.74,Online,repeat
000139,2025-01-19,South,160.22,Online,new
000140,2025-01-20,West,126.41,Online,repeat
000141,2025-01-21,,295.22,Online,repeat
000142,2025-01-22,West,153.61,Online,new
000143,2025-01-23,West,121.14,Online,repeat
000144,2025-01-24,North,157.09,Online,repeat
000145,2025-01-25,,251.46,Online,new
000146,2025-01-26,West,199.91,Online,repeat
000147,2025-01-27,West,276.12,Online,repeat
000148,2025-01-28,South,96.53,Online,new
000149,2025-01-29,,163.24,Online,repeat
000150,2025-01-30,West,172.28,Online,repeat
000151,2025-01-31,West,60.43,Online,new
000152,2025-02-01,North,271.71,Online,repeat
000153,2025-02-02,,125.41,Online,repeat
000154,2025-02-03,North,43.04,Online,new
000155,2025-02-04,South,212.04,Online,repeat
000156,2025-02-05,South,155.36,Online,repeat
000157,2025-02-06,,236.56,Online,new
000158,2025-02-07,South,106.27,Online,repeat
000159,2025-02-08,North,260.19,Online,repeat
000160,2025-02-09,North,267.59,Online,new
000161,2025-02-10,,196.52,Online,repeat
000162,2025-02-11,South,74.39,Online,repeat
000163,2025-02-12,West,188.96,Online,new
000164,2025-02-13,South,212.44,Online,repeat
000165,2025-02-14,,164.43,Online,repeat
000166,2025-02-15,West,284.11,Online,new
000167,2025-02-16,South,252.50,Online,repeat
000168,2025-02-17,West,175.57,Online,repeat
000169,2025-02-18,,162.68,Online,new
000170,2025-02-19,North,114.25,Online,repeat
000171,2025-02-20,West,59.20,Online,repeat
000172,2025-02-21,North,146.32,Online,new
000173,2025-02-22,,97.61,Online,repeat
000174,2025-02-23,South,131.29,Online,repeat
000175,2025-02-24,South,53.93,Online,new
000176,2025-02-25,South,296.59,Online,repeat
000177,2025-02-26,,145.55,Online,repeat
000178,2025-02-27,South,122.00,Online,new
000179,2025-02-28,South,191.02,Online,repeat
000180,2025-03-01,South,99.20,Online,repeat
000181,2025-01-01,,44.35,Online,new
000182,2025-01-02,West,231.59,Online,repeat
000183,2025-01-03,West,83.54,Online,repeat
000184,2025-01-04,North,318.46,Online,new
000185,2025-01-05,,206.46,Online,repeat
000186,2025-01-06,North,221.11,Online,repeat
000187,2025-01-07,South,88.34,Online,new
000188,2025-01-08,South,130.28,Online,repeat
000189,2025-01-09,,133.20,Online,repeat
000190,2025-01-10,South,252.58,Online,new
000191,2025-01-11,South,276.46,Online,repeat
000192,2025-01-12,North,251.71,Online,repeat
000193,2025-01-13,,100.58,Online,new
000194,2025-01-14,West,47.59,Online,repeat
000195,2025-01-15,North,93.42,Online,repeat
000196,2025-01-16,West,79.88,Online,new
000197,2025-01-17,,228.80,Online,repeat
000198,2025-01-18,South,237.44,Online,repeat
000199,2025-01-19,North,210.49,Online,new
000200,2025-01-20,North,313.85,Online,repeat
